<beans xmlns="http://www.springframework.org/schema/beans"
    xmlns:xsi="http://www.w3.org/2001/XMLSchema-instance"
    xmlns:util="http://www.springframework.org/schema/util"
    xsi:schemaLocation="http://www.springframework.org/schema/beans
    http://www.springframework.org/schema/beans/spring-beans-4.0.xsd">
  
    <bean id="CustomerBean" class="com.mkyong.common.Customer">
  
        <!-- java.util.List -->
        <property name="lists">
            <list>
                <value>1</value>
                <ref bean="PersonBean" />
                <bean class="com.mkyong.common.Person">
                    <property name="name" value="mkyongList" />
                    <property name="address" value="address" />
                    <property name="age" value="28" />
                </bean>
            </list>
        </property>
        
        <!-- 
        <property name="lists">
            <util:list list-class="java.util.ArrayList">
                <value>1</value>
                <value>2</value>
                <value>3</value>
            </util:list>
        </property>
         -->
  
        <!-- java.util.Set -->
        <property name="sets">
            <set>
                <value>1</value>
                <ref bean="PersonBean" />
                <bean class="com.mkyong.common.Person">
                    <property name="name" value="mkyongSet" />
                    <property name="address" value="address" />
                    <property name="age" value="28" />
                </bean>
            </set>
        </property>
        <!-- 
        <property name="sets">
            <util:set set-class="java.util.HashSet">
                <value>1</value>
                <value>2</value>
                <value>3</value>
            </util:set>
        </property>
         -->
  
        <!-- java.util.Map -->
        <property name="maps">
            <map>
                <entry key="Key 1" value="1" />
                <entry key="Key 2" value-ref="PersonBean" />
                <entry key="Key 3">
                    <bean class="com.mkyong.common.Person">
                        <property name="name" value="mkyongMap" />
                        <property name="address" value="address" />
                        <property name="age" value="28" />
                    </bean>
                </entry>
            </map>
        </property>
        <!-- 
        <property name="maps">
            <util:map map-class="java.util.HashMap">
                <entry key="Key1" value="1" />
                <entry key="Key2" value="2" />
                <entry key="Key3" value="3" />
            </util:map>
        </property>
         -->
  
        <!-- java.util.Properties -->
        <property name="pros">
            <props>
                <prop key="admin">admin@nospam.com</prop>
                <prop key="support">support@nospam.com</prop>
            </props>
        </property>
  
    </bean>
  
    <bean id="PersonBean" class="com.mkyong.common.Person">
        <property name="name" value="mkyong1" />
        <property name="address" value="address 1" />
        <property name="age" value="28" />
    </bean>
    
    <!-- ######################################################################### 
  <bean id="CustomerBean" class="com.mkyong.common.Customer">
        <property name="lists">
            <bean class="org.springframework.beans.factory.config.ListFactoryBean">
                <property name="targetListClass">
                    <value>java.util.ArrayList</value>
                </property>
                <property name="sourceList">
                    <list>
                        <value>1</value>
                        <value>2</value>
                        <value>3</value>
                    </list>
                </property>
            </bean>
        </property>
    </bean>
    -->
</beans>